{"rmse": 97.9091419438761, "mean": 68.26710131500288, "median": 51.16257484432414, "std": 70.18406481697401, "min": 9.576550120492971, "max": 310.38916869889465, "sse": 9710820.677176498}